{
  "orders": [
    {
      "id": 5360,
      "hotel_name": "Burger King",
      "name": "Rohini",
      "email": "rohini@gmail.com",
      "cost": 438.14,
      "phone": "9876543212",
      "address": "77 K Delhi",
      "menuItem": "[52,54,55]",
      "status": "TXN_SUCCESS",
      "date": "2023-02-11%2018:17:18.0",
      "bank_name": "ICICI%20Bank"
    },
    {
      "id": 9391,
      "hotel_name": "AMA Cafe",
      "name": "Rohini",
      "email": "rohini@gmail.com",
      "cost": 715,
      "phone": "9876543212",
      "address": "77 K Delhi",
      "menuItem": "[34,32,33]",
      "status": "TXN_SUCCESS",
      "date": "2023-02-11%2018:23:22.0",
      "bank_name": "Axis%20Bank"
    }
  ]
}